text	label
我随便买来试一试，结果发现还真挺不错，看吧。	1
国民品牌代表的就是这个山羊奶面膜了，在欧洲它的销量也是非常高的，并且非常的便宜啊，都是这样被骗的封面图方便携带，我用完它我就让我的皮肤感觉到有一点点的循环了，会有一个极客的增白，如果后续上妆的话，脸上有一些特别容易起皮的地方，他之后就不会那么明显的起皮肤，有保湿滋润的效果，但是我看了它的成分呢，我是不推荐你赶紧睡一会儿，是doge使用这一款的。	0
好推开的这种很好吸收土开之后是水水的，并且这款了他也不含有任何香精，这点还挺好的，化妆品打架有的时候真的特别让人。	1
但它是一个葡萄，味道大了一些。	0
哈密瓜的悠闲，然后非常美味的味道，不想吃。	1
身体黄油收到他的第一天起来就疯狂在用这个。	1
特别好，吸收特别好，推开它的滋润度，玩在北方的冬天是完全足够，你看看手机上光泽。	1
叶子不在北方的冬天，甜甜的香香的味道。	1
非常非常好用。	1
润滑油，很喜欢，橄榄的，在手上。	1
非常非常好用。	1
重点也是价格平价，甚至还有一点的保湿效果。	1
因为我平时常用它来擦一些是色呀上眼影都特别喜欢，再说一下。	1
他的那些东西还挺好的，它上面介绍说是敏感肌也是可以用的。	1
别失望。	1
点赞哦谢谢。	1
大笨象非常好用。	1
非常快。	1
名副其实的大众甜心，那个时候是姐姐去买。	1
我更加偏爱系统高一些，因为卸妆水客户都需要配合卸妆棉擦。	1
大红觉得去年的年度卸妆膏的应该是这款。	1
非常好。	1
在脸上留下那种芜湖的油腻感。	1
基本上浓妆的话，一切都非常干净。	1
味道我不确定哒。	0
特别好用的卸妆膏。	1
不像别的那些妖艳贱货喷雾。	1
本来他就是一款性价比非常高很优秀的。	1
我就只用了这款，我拍的书画效果真的特别棒。	1
我推荐这款。	1
特别通透。	1
我喜欢这种。	1
哇，我的皮肤怎么变这么好了，很早就开始用手进去了第二瓶，第二瓶。	1
高了，但是我非常喜欢他，之前的视频里有的我感觉更好。	1
真的很棒，那它美白的效果的，反正我觉得。	1
对肌肤没有负担的。	1
第一居所，价钱很便宜，一万我就化作小雨。	1
就是如果你的黑眼圈没有太严重的话，这款就够用了。	1
我就已经很喜欢。	1
最好的颜色，非常适合我，而且笔芯。	1
非常的刚好，就是粗细很刚好。	1
我也非常的好。	1
然后这两个颜色非常的美，非常的持久。	1
我用他新号粉很好，颜色也很美。	1
我叫她比较不符合今天的主题，太原下载这套要500多块，就有点太贵了。	0
推荐给你们吃比较贵一点的产品，可是我觉得他真的。	1
可还是超好用的。	1
搭配什么妆都可以打。	1
而且还因为颜色比较淡的关系，所以我也很推荐新手。	1
我最近最喜欢他是因为他真的非常保湿，而且颜色很美，很适合最近总风叶装。	1
它比较贵一点，所以我今天。	0
我超喜欢这个，我觉得他这颜色超适合最近很流行那种枫叶妆会是什么干燥玫瑰那种偏红色或橘色的，都在这大陆很好，可是他们家不符合今天的主题是因为他算是有一点贵的开价。	1
没准这次其实算是蛮不错的，cc轻唇膏，它价钱也超便宜，才200块，可是他唯一的小小。	1
爱这套书的这个系列，我喜欢它最主要的原因是因为它的颜色非常多。	1
鬼，就是今天开架彩妆不踩雷的推荐啦，希望你们会喜欢这影片，看什么其他的类型的影片话，可以跟我说约上几天在鳞片的，就是网友的人跟我说还没想好看比较便宜的彩妆感觉很不错得赶快拍的影片，那就下次见喽。	1
特别好。	1
看完之后肯定会获益匪浅。	1
积极的正能量的东西还是值得学习的。	1
而下面的这本书呢我真的是非常非常的，然后如果你是初入职场，或者说你对现在目前对时间管理方面有一些很大的。	1
一定要看这本书，这本书真的称得上。	1
那你就没有办法静下心来呢。	0
建立在一个很神秘的一个工程师的脑海当中，又很脑洞大开的一些想法，真的让我非常非常的佩服。	1
总体而言的这本书真的是非常非常推荐，而且他读起来。	1
极力推荐大家去看这本书，最近的我平时走在路上，或者说在干其他事情的时候，我还会听书，然后我听完了一本叫做。	1
真的是特别特别有磁性的好听，我特别喜欢他过的。	1
今天我就是把我最近读完的书就推荐给大家啦。	1
不对，或者不好的地方呢，还请大家多多见谅。	1
真的不怎么样，真的差蛮多的，那为何我要进行这个单元的原因，就是因为美白牙齿冷光机不能连续使用好几个月。	0
全城都停，我爱情，我还是相信爱情的。	1
进一步的去影响了英国的一个证据呀，就还是真的挺好玩的，这个片子拍的也蛮好的，角度也挺好，虚实也挺好的。	1
我是挺推荐了，然后还想推荐一部纪录片，叫做11部。	1
也非常的触动我的心。	1
真的每一秒都要跪下磕头的那种，这个之前是在b站可以看到，现在好像没有了。	1
去网盘找一下，真的很好看。	1
他真的是非常的耿直，他土豪。	1
你是，让有才华的人真的是太棒了。	1
提名了，然后我真的是觉得特别的骄傲，因为我真的特别特别的开心，他能够被提名前几天也是去了台湾。	1
故事，他的台词写得真的特别好，他这个太子是他自己写的，然后当时这个片子刚剪好的时候呢，他就发给我看了，然后看完之后我们要真的是非常激动，就因为我实在是太小了，中间的很多细节特别特别的，我们两个当天晚上就通电话，一直非常嗨的，聊到可能半夜一两点吧，然后呢这个具体的收看。	1
等等这种感觉呢？这部片子，因为我对他实在是太喜欢了，我会。	1
会显得很装逼，但是我不得不说，因为这就是我的真实感受，就看了这片子会让我更加的热爱世界，会让我更希望有一种包容的心态会让我更想要去对。	1
这个世界做一些好的贡献。	1
说是没有问题。	1
但是很担心。	0
这个首先告诉你。	0
在维修厂的带电检测说是没问题。	1
包括巡视的质感要比名爵的地方为好。	1
所以同价位的你可以看看。	0
这个需要你在和尚桥那边还需要条件。	0
我爱你。	1
有看过黄飞鸿。	0
不合适，也得放。	0
一个街道升级相当好用的产品。	1
可以有效降低对头部的损伤，比不带他这种设计。	1
收费东西不差，啊。	1
智商表示感谢，最佳也是，我对身边的好多软件都已经分享到空间的票，基本是五六百块钱呢。	1
品质好的事并不多。	0
比较不错的了。	1
你最有性价比会是最适合购买这款产品，推荐给你。	1
我喜欢他的有两点。	1
魂动设计，我感觉这个在这个级别里面是比较耐看，而且比较好看的。	1
嗯在中级车来说也算是足够的精准。	0
小的程度跟这个马自达三昂克赛拉基本上是一样大的。	1
别忘了，就是它的这种类似的这个做工跟用料。	0
所以说我们买阿克苏的时候一定要注意他的那个噪音，还有他这个后排空间的一个问题。	0
第二款车型吧，为大家推荐东风本田的那个思铂睿啊。	1
多一点，而且他这个游玩的条件，他也会更加的灵敏。	1
第三款车型呢为大家推荐这个雪佛兰的迈锐宝。	1
为什么给大家推荐这款车型？首先就是它，外观。	1
变得更加好看。	1
这样说的缺点的就是。	0
最喜欢的啦。	1
推荐丰田的这个锐志。	1
太老气了，可能只有。	0
喜欢的一个车型啊。	1
今天来为大家点评一下8月份销量最好的轿车。	1
他的那个外观要比。	1
空间也不错。	1
而最重要的一点是这车的优惠比较大。	1
就是因为便宜。	1
可以节省成本。	1
会相对来说更省油一些。	1
那就是春天会有一些异响，还有就是车漆会变黄。	0
也很稳定，另外就是他的那个油门的那个反应比较灵敏。	1
减配比较严重，然后后轮是鼓刹。	0
低配的，也没有烟蒂。	0
不过容易的缺点就是还是配置不算高。	0
他的比老叶好的地方的63的空间可能大一点，然后配置高一点，动力可能。	1
速腾这款车减配也比较的严重。	0
三年以后这些小问题呢，就会比较的明显，大家以后注意一下。	0
不过他收起来也会比较便宜。	1
但是大咖真的不建议大家买大众的车型。	0
现在的大众减配比较严重。	0
在德国国内大家开的基本也都是他们自己研发的。	1
说明不好看，你非常难过。	0
索尼可以给你足够空间，让你把这张照片你想要的。	1
不是那么完美。	0
说明了它的机身，我觉得是很符合我的用户习惯。	1
非常符合我的用户体验，这个就是为什么我会选择。	1
我说我不太喜欢用这个。	0
所以我不太喜欢。	0
那我不太习惯。	0
我不太喜欢。	0
很遗憾，我不是那么喜欢用。	0
说烂的话题都是他自身品牌的。	0
真的超级舒服，用得超级舒服。	1
就是这个相机，他也是抱着非常有名的一款单反。	1
单反入门，我觉得是比较适合的。	1
目前还是先去买，没有小叶退的意思，所以我觉得还是值得投资一个很好的相机。	1
我很喜欢他。	1
留守的画质表现以及那种情怀。	1
让我们蠢蠢欲动。	0
不需要我再跟你们说好看就够了，我说你觉得富士的相机，或者说我手上的这台富士x的外观不好看的话，那我强烈建议你去升级一下自己的审美，这个相机。	1
纹理设计了也非常的有质感，啊。	1
都说拿出来，不会下，感觉真的是很舒服。	1
这个处理不是特别的好，使用不是特别长的时间。	0
大部分爱好摄影的朋友们都疏散到高潮的，特让你非常享受摄影。	1
给你的那种愉悦感，你看这些。	1
非常舒服。	1
用优秀两个字来形容，我觉得还可以啊。	1
那就是他的照片模拟，我说你让我来说出来次是相机的核心竞争力有哪些的话，其中的一个。	1
稍微矮一点点。	1
富士的老的这些定焦镜头上尤为明显。	1
我不是选六全画幅，但只听见隔壁，这也足以让他也知道。	0
目前是一个非常好的选择。	1
就让人看着特别的舒服，当然这本书的内容更多地是基于欧美的美术馆现状，或者说必须发展现状的结尾呢，他也会给你一些艺术延伸的好东西，或者说给你一些。	1
就是给你推荐一些值得去的美术馆，当然推荐的这些美术馆都是欧美的图案，是让他给到你一些美术馆的参观，建议呢，也是适合大众的视角和方法，让他在第11条建议里面有说到。	1
二叔那其实也很轻松，并不像有些文学作品那么沉重，而且作者也说也可以根据目录，你对哪一个章节比较有意思的话，你可以去直接放到内衣，而去开始都不用逐条解读，这就是我今天推荐的书籍，这本书是真的值得去购买了，安静下来，这本书上也是，我前几天看完了一本他来牵羊的这本书呢，是因为我看了追风筝的人，作者要感兴趣，我也想看他的灿烂千阳，群山回唱就唱会上还没有看，就是这本书来说呢，我还是更偏向于喜欢追风筝的人的人，就是你从一开始看这个故事，他就会抓着你一直往下看。	1
还是会压抑，知道我看到玛利亚父亲写给他的那封信真的不夸张，我是哭到抽搐。	0
我知道当中一定有原因，一想到即使对你最亲近的人，也不能坦诚相待，这真是令人沮丧。	0
我十三四岁的时候，对人性对生活真的无法有这种理解和解读。	0
这部电影，那是唯一一部我喜欢的，拍成真人版的动漫电影，他分三步，但是其实我觉得第三部他更像是一部番外篇，我想电影的时候呢，我不想讲太多跟动漫有关，毕竟他是通过动漫改编的，但我又不能完全抛开动漫来说，但是呢，我想更多的从电影这个方面来讲这个。	1
而且他的每一个音乐真的都是超级超级好听。	1
颜色非常好看的口红。	1
都特别好的，好好。	1
不管你嘴上嘴上的状态什么样子，你图片这个保湿度都很好。	1
但是就记住不要让沙子的呀我太多，第一次就摸了两跤。	0
嗯我觉得图我觉得涂了橘色口红之后就显得气色特别好。	1
而且我同学比较喜欢搭配橘色的腮红，就很好看。	1
但是真的是好看的元素。	1
知道能看出来，我我真的很喜欢很喜欢这个时候。	1
我觉得这个颜色真的是一个非常非常非常美的颜色。	1
嗯，不知道，感觉好像没有一个口子对上交易，是不是？	0
我非常喜欢。	1
很开心的事情把它写下来。	1
只想睡死在床上。	0
嗯哈，今天的视频内容是想跟大家分享，我喜欢的五本书描述。	1
我非常非常的喜欢。	1
气质，而我非常喜欢这个女人，他都是那种的。	1
这种人就是关心关爱，需要自己超级家庭，然后来支撑这个家庭的顶梁柱，我觉得，非常好看，这个我就不剧透，过多兴趣的话可以去看一下。	1
我非常喜欢这本书，也不是说，啊，多。	1
反正我觉得如果这段时间我说的话，我可能会消失，你会变得非常的不好，但是我很感谢，看了这本书，真的，我觉得特别巧，我觉着就是老天在帮助我。	1
很喜欢这样的作家，也是他，还有一个是杨绛先生，觉得他们的作品都是来自自己心灵的声音，非常的真诚，然后又充满了智慧这本书。	1
就这样随缘就是你的，不是你的，你想太多也没有用，所以我很喜欢这本书，推荐一下，然后接着就是来自这个刘瑜的送你一颗子弹。	1
仍渴望被承认，也就是别人的目光，但是同时当别人的目光围拢过来的时候，他又感到窒息，感到不值。	0
有一些功能，我非常喜欢这本书，而且如果你没有。	1
这本书封面应该是我买的所有书里头后面最丑的。	0
嗯，非常有用的，对这方面真正有兴趣，我觉得很有意思。	1
也是非常好看。	1
喜欢这方面的研究。	1
翻译也太差了。	0
今天跟大家介绍六个，我个人比较喜欢读的这个书啊。	1
祝您周末快乐。	1
非常非常完美的一个。	1
也知道自己非常优秀。	1
每个读者应该都感到了对他的深深的惋惜。	0
然后再到白话的这个翻译里面去找，我当时不太懂得那些地方。	1
短小精悍，但是写的非常精妙。	1
你会觉得非常有情趣。	1
10号看我非常非常推荐大家去看一下那个电影，今天是5月1号，然后下午4点半我刚刚看完这个电影书也看过，但是看完这电影我还是哭了一下，泪点比较低，所以我看完那个电影还是是胃溃疡。	1
给我一个非常安心的感觉。	1
但是可以用很久很久。	1
那你整个刷牙的时候特别的舒服。	1
是用钱做的，都觉得这个观念非常非常的好，特别鼓励和支持大家去买这个牙刷，二逼的程度是因为它真的很好用，他真的就是巨软。	1
我的头发之后的那些毛的小碎发呀，小头发就会变得很顺滑的，头发就会有那种sign。	1
狗腿子，特别适合夏天，好多描述的就是非常喜欢他，我不知道该怎么描述这个东西。	1
徽派的设计，我不知道国内有没有卖到淘宝搜一下吧，然后。	1
比较夏天吧，他有个缺点，就是他的这个位置。	1
傻瓜，如果你感兴趣的话，就继续往下看吧，我现在是坐在窗户跟前的时候，新疆的太阳实在是太刺眼了，就有一点闭眼睛，然后皱眉头，那是习惯性了。	0
就是包头人又怎样？不要再跑题了，我们进入正题。	1
那是因为那样的经历，所以才能写。	1
实在是太好看了，我觉得我肯定还会再看。	1
别说十几岁了，我20多岁的时候也是非常愚蠢好吗？	0
我哭得最惨的就是一个失去母亲的小孩的这种身份。	0
我要哭了，神经病啊。	0
听说就是一个小男孩儿，调皮的小男孩儿问老子里面老是响。	0
不是很喜欢，分手不再见都没有说清楚。	0
倒是非常危险，如果是开车司机。	0
只是人们更讨厌失去。	0
学生，因为他们害怕失去。	0
洗脑，是有一点貌合神离。	0
但非常的有才华，他就是，非常擅长于。	1
你喜欢的话别，忘了给我当铺评论收藏，订阅我。	1
张庄寨，希望你喜欢今天视频。	1
家人没有决定好要买。	0
那他现在更新换代之后。	1
然后里面照片都拍得非常好看。	0
我觉得这台相机。	1
有点限制我的发挥了，不想更好的器材去拍更好的内容。	1
然后我觉得其实在续航方面来讲。	0
是一个非常好看的蜜桃。	1
表示很喜欢画一些，很。	1
反正很喜欢喜欢，千万不要错过千万。	1
因为它颜色太好看，太好看了，然后。	1
对他们的产品都很有好感。	1
最常使用的是佳能的和索尼的相机，所以让我们举例子的就以这两架相机为例。	1
对于这个对你来说你和家能做的事都还不错。	1
三个稳定器画面拍摄得那么完美。	1
几点防盗，并不像那个索尼做的那么好。	0
但其实营销的都不会很好。	0
对于拍摄布朗来说最为合适。	1
嗯，在调色方面呢，我觉得佳能相机的会更胜一筹。	1
价格画质。	1
这个是很方便，因为它小巧，真的太方便，如果要嫁到地上方便。	1
老许说警察这其实这个由首恶拿到手的时候觉得有点不爽。	0
这就更惨了，所以说这个。	0
因为拍摄是因为它实在太重了。	0
老家太中我觉得太突然，还是抱着非常的紧。	0
稍微有点小的调整的时候，我还要再继续掰。	1
然后再给他熬到了呀，我这人又有何用？	1
我说的底下都可以。	1
没事，聊你的，非常好。	1
这个设计还是很人性化的，宁静。	1
全金属有一个不好地方，也不像之前用的那些塑料的尼龙的，他会有一些任性。	0
这两个都浪费了。	0
就可以变成一个非常轻便的。	1
好大，如果你喜欢我的一天，记得帮我点个赞就行呗。	1
我的手机越来越贵。	0
满意的手机。	1
这么贵的价格。	0
今天很喜欢。	1
你这个是非常的漂亮。	1
第一个最让我不满的缺点。	0
可是它真的很美。	1
我根本用不习惯。	0
虽然不致命，但是有点烦这个缺点。	0
还是太贵。	0
就是售价太贵，是iPhone。	0
值得入手的激动。	1
不管出什么东西，我们都很开心。	1
可是是我看过的手机里面最漂亮的。	1
他也是一款很热门的相机。	1
观察便宜，一千多里外里能比在网上便宜了2000多呢。	1
他的优点那就是网上测评说的优点，大家说的都是对的，都是真的。	1
对焦速度快。	1
让我一个工作之外，不带相机出门的人呢也有了去拍花花草草的冲动。	1
拍照能力老在同级别很优秀。	1
当然这些草坪网上多的是，还有一个呢就是说你的产品很容易上手。	1
打到六分钟长到30分钟都过热过。	0
我发现过热跟外界的温度关系不大。	0
嗯使用的过程卡机或者死机太严重了。	0
这事儿我不是太能理解。	0
还有一个呢也许算是缺点的问题，反正对我的使用量增长的影响。	0
就是他太过于考虑小尺寸，很多位置能坐的太紧吧。	0
太靠边儿出了他们自己家的电台呢，之前用过的几个都不能用。	0
不是爱定投，是就是爱这个屏幕是。	0
不是正好需要这个焦段镜头，那就不建议一下再搭配这个镜头套机了。	0
建议哪买别的或者通过转接体验别的镜头会更实惠一些。	1
如果不注意啊，手贱就悲剧了。	0
改变了这些问题，所以能最直观的就看到他的屏幕大得很多，然后看上去先进很多。	1
如果从功能上来说，我觉得最大的最吸引我的地方是在于它增加了一个TCL功能，而且它这个功能兼容了所有的神牛闪光灯系统。	1
被TCL这个功能我觉得非常非常的可靠，非常非常实用。	1
总体来说，os让我觉得比旺季有了一个巨大的改进。	1
界面也更直观上操作起来更方便，然后增加的提现功能。	1
嗯很多的媒体评测机构哪都给出了一个比较低的评价。	0
那么我的购物理念就是只要他的优点大于他的缺点，而他的优点又正好是我需要的，那我就是买它就是值得的。	1
非常新的，大都知道六弟是所有的钱和单反里面最轻的一台。	1
这就造就了一个什么问题呢，就好像我们两个手。	0
而班长，你加上镜头了之后你就傻大黑粗了呀。	0
它的重量我确实是非常满意的。	1
好的，三个点啊，我们来说一下它的来历和触摸屏，这也是他非常大的一个优点。	1
就会让你的拍照就更加的便捷。	1
吸引我购买它的一个很大的原因，当然现在佳能的新一代的相机都有这个优点，都加入了这个触摸屏的进来。	1
你就能够得到非常好的一个画质。	1
他的缺点。	0
就是全机身满满的塑料感。	0
所有地方全是塑料，没有一个地方是金属的。	0
没有双卡槽。	0
快门速度也就只有1/4000秒。	0
这个就非常的难受。	0
你那个游戏机手柄的手感还要差。	0
你你用这个把潍坊再见的时候，你根本就不知道你的手到底是在触摸哪个地方？	0
他的水平还是差的。	0
但是我觉得没有想象到的，居然能差到这个地步。	0
出于什么考虑，才把它的视频功能阉割到如此地步？	0
甚至于他的宽容度还不如800地。	0
确实他的宽容度是不太好。	0
不用太过多余的担心。	1
满足你日常的所有拍摄。	1
是没有问题的。	1
哈哈，总结下，我之所以买这台相机，就是因为他的这些优点。	1
最意外，最惊喜，特别重要的一个视频。	1
什么相机都没有，惊呆了，这台200块出来照片效果让我觉得很满意，非常非常的满意。	1
佳能入门单反的你不能期望太多，另外一个是它也不支持做一个单反，佳能单反来说，它也不支持USB充电，所以没有办法。	1
没有机身防抖那是一个相对来说比较大的问题，那我们已经基本上我个人的已经被机身防抖宠坏了。	1
说完了这些缺点以后呢，感觉说的很重的缺点就是缺点。	0
其实我对他的表现感觉到非常非常的震惊，而且非常非常满意。	1
自动对焦呢，我觉得表现非常好，非常好，而且呢，虽然他没有事可以，但是他的1080p。	1
我很低的成本就买到一条几乎完美的相机。	1
其实它的性价比真的非常非常高。	1
其实他的表现还是相当不错的，画质当然没有像5d4或者164281080新浪了。	1
完全放在这台相机上使用，那里可以，其实你可以有无限的可能性。	1
嗯可有性价比非常高的选择上这个10到18。	1
这个镜头又带有防抖又想见的，所以就是性价比非常非常高呢，这样的镜头才两千块不到的价格。	1
但我觉得它的性价比真的实在是太高了，最后能再说一下他的其他优点，谈。	1
有wifi的功能，其实我试用了一下，觉得非常非常的方便，而且你可以用手机遥控拍摄。	1
嗯，基本上这台相机可以说是到处都是优点，那这个优点基本上我就。	1
对我个人来说非常非常的理想。	1
嗯，我觉得绝对可以满足绝大部分人。	1
谁叫你两百？你对我来说呢？	1
听上去蛮酷的，因为如果15年以后。	1
很直观的可以告诉你一个功能是怎样的解释，所以我会觉得这还想听，简直是对。	1
初学者来说是太完美了。	1
所以我们要严肃一点，啊。我其实个人不太享受拍这类视频，感觉。	0
过程会不太愉快，但是又考虑到一直大家种草，没有给大家拔草的话，很对不起大家的钱包对吧。	0
踩到的雷品。	0
第一个想给大家说的这个产品，啊，真的是奇葩中的奇葩。其实大家了解我的话应该知道我其实对产品还算是比较宽容比较温和的。	0
过于苛刻去要求一个产品。	0
很多时候我遇到不喜欢的话我会觉得。	0
非常容易搓泥。	0
所以这个产品呢，不管你是在白天用还是晚上用都觉得很奇怪，因为它有珠光啊。	0
就怪怪的，白天用它就会搓泥，根本就没办法。	0
去上妆，所以真的再也不想用了。	0
让我挺生气的。	0
广告做的有点太过是一个很噱头的。	1
我不太喜欢这个东西。	0
虽然它的包装比恒光的好。	1
专业的化妆师，或者是专业的博主会很喜欢这类产品。	1
反正我把它涂在这个地方呢，我感觉我的纹理全部被它给放大了，特别特别显毛孔。	0
没有一次让我满意。	0
特别特别难看，很不均匀，并且我觉得它上妆特别费事儿，你知道吗，它还不是粉饼可以让你一下子很均匀的取到。	0
我很喜欢这个设计啊，可是？	1
不省心它涂。	0
不如我们国产的火烈鸟的那个极细的眉笔。	0
这支却是我的雷品。	0
它喜欢不起来。	0
失去了对它的兴趣。	0
真的是喜欢不了啊。	1
还挺好看的。	1
我实在是把它刷不匀。	0
哎哟，录这种视频我好累，我心好。	0
痛啊。	0
超级的粗糙。	0
三个是完全不能让我满。	0
但是好奇怪。	0
这几个都是超级显色，你看。	1
太鲜艳。	1
它是有提亮的效果，你看。	1
但是它的妆呢，好重，它的。	0
难道真的有人喜欢这种颜色。	0
啊，beautiful。	1
确实是很性感。	1
显得牙还很黄呢，瞬间就是脱欧入非的感觉。	0
这颜色是相当雷了对吧。	0
不要买颜色过浅的口红。	0
特别的顺，特别特别的滑，等等等等。	1
但是我用完了，只有一种感觉，就是它会让我的。	0
整个头它是那种蹋蹋的感觉，完全没有蓬松感。	1
但由于它还是蛮贵的。	0
额，一套潘婷，现在我觉得我头发比我以前真的好看太多，然后是那种蓬松的质感，所以说我不是说很建议头发容易出油的同学来买这个。	1
唯一让我觉得很讨厌它，也就是它的味道，它的味道是那种特别劣质的化学的味道。	0
这个味道就是又臭又有点香的里面，就让它更难闻，所以说。	0
哦，太可怕了。	0
就是我上班时候的一直能闻到我头发散发出的这种难闻的味道，我简直是完全受不了。	0
所以这个产品我是一点都不推荐的，因为我觉得它的味道实在是太难闻了。	0
这个我已经用完了，它已经是空瓶，但是我绝对不会再回购它。	0
使用感让我感觉很难受。	0
每天早上用这个，就会让我的皮肤更加的油腻，然后又再上一些什么moisturizer之类的，我就觉得整个。	0
不是特别好，所以我不会再回购它。	0
这个gel我觉得就完全没有必要买，因为我觉得它的替代品有很多，因为它。	0
然后就算我之前推荐的bleaf家的alpha	1
8毫升，所以我完全不会，根本就不会想买它的正装。	0
但是我真的不想再用了，因为。	0
每次我用它，就会爆痘。	0
只要我在用它，我就会爆痘，所以说。	0
不适合这种油性的。	0
所以如果你是混油皮和油皮的话，我真的不是很建议大家使用这个。	0
另外那个玫瑰的那个面霜我觉得还可以。	1
但是相信我，它真是一点卵用都没有，什么用都没有，我真的不知道我买它干什么。	0
不持久，就是你刚。	0
难用的眼影盘，一个是pixie的这个。	0
那么你们可能就会说我买这个颜色不太适合我，我知道这个颜色不太适合我。	0
不显色。	0
大家如果看到它，千万不要被它的外表所迷惑。	0
真的不显色，放在眼睛上画不出来什么的好看的眼妆，所以大家千万不要买。	0
搭配起来，就是它的粉质其实没有任何问题，非常的顺滑。	1
异常的后悔，当然它家的粉质确实还不错，如果你看到别的配色可以去买。	0
这个真的是，我觉得是不适合，至少不适合黄皮。	0
但是我不会再买它这个系列了，因为它实在是太干了。	0
涂在嘴上很困难那种，有点像我之前给大家分享过非常不喜欢的那个。	0
它比那个要好。	1
但是它同时真的很难涂。	0
太难涂了，所以我觉得我不会回购这个产品。	0
这些产品就是属于我用过以后，真的不是很喜欢。	0
而且这一点我觉得还不是最致命的，还可以忍受，最致命的是它有假滑的问题。	0
就是结束以后呢你还是摸到脸上感觉滑滑的，还是感觉没有洗干净，我个人是特别讨厌洗完脸之后有这种假滑的感觉，就总感觉没洗干净。	0
接下来要说的这个产品呢，是一个遮瑕类的产品，我觉得这个产品拿出来也是一个争议性很强的产品。	0
润很多，更适合干皮，更滋润些，所以一时声名大噪，但是我用它我感觉它的润。	0
因为它很油，所以你推开之后更像是一个比较厚重的底妆，而不像一个遮瑕类的产品，就比如说我的黑眼圈，我用它遮2到3遍。	0
都遮不掉五成。	0
就是一半都遮不到，在叠加两到三遍的情况下一半都遮不到，我真的对它的遮瑕能力特别的不满意，再加上它的质地，我又不喜欢。	0
所以这个对我来说也是一个雷品。	0
这个眼线液笔真的让我很失望，而且我身边也有朋友买了这个眼线液笔，跟我的感受是一模一样的，证明我应该不是一个个例，它最致命的问题是。	0
很难把它完完整整的画在眼睛上，它出水不流畅，就是它会断断续续的出水。	0
被它都戳哭了，都戳到流眼泪，都没有把眼线画完整。	0
从那之后我就再也没有用过了，那其实我再买这支笔之前，我朋友就有买，她也是有这样的问题，但我当时就觉得可能是就是。	0
没有kissme显得眼睛有神。	0
简直没有办法忍。	0
就是那种小星星的感觉非常的强烈，我曾经有两次。	0
然后结果我的朋友就在阳光底下，就站在，就我站在阳光底下的时候，这种效果是尤为的强烈，就是站在阳光下，那我的朋友马上就反应过来，说，咦你是眼影掉在脸上了吗，为什么你的脸上全是那种。	0
这个东西真的是不好用，对我而言至少是不好用的，因为我不喜欢高光里面能看到那种一颗一颗和小星星一样的东西，显得皮肤很没有质感，我比较喜欢的高光是那种。	0
类似于水光或者是绸缎光的那种光泽肌，我觉得才比较高级的，有光泽，像这种。	1
带有明显大颗粒的光泽感，我觉得。	0
反正我个人感觉呢，就是很廉价的一种感觉，就把你整个妆面的感觉都拉低了，所以我特别的不喜欢。	0
但是在这里我还是要说明一下，它的腮红和阴影还是不错用的，虽然没有说特别的好用吧，但是以它的价格来讲，这个阴影色还是很好用的，我经常会用它来打造鼻影。	1
就是用的这个盘子，我最近很喜欢用，那我有。	1
这件事情简直就是一个讽刺的事情，因为眼影打底膏本来不就是帮助我们把。	0
这个眼影让它更不容易积线，更能够牢固的锁在那里吧，但是这个眼影膏我感觉它就是来捣乱的。	0
就明明，我这个人双眼皮不是很容易眼影积线的，但是用了它之后反而积线了，那我第一次出现这种状况的时候呢，我还以为。	0
我觉得这个东西也不是很好用，当然好在它价格不是很贵啦，就买了它之后也没有太后悔，就当是。	1
那我当时也是慕名而来，因为网上很多人说它能过够缓解视疲劳啊，缓解你。	0
这个滴上都是很好的一个缓解。	1
辣到一直流眼泪。	1
就是从滴完它之后的十分钟甚至20分钟，我就是一直止不住的流眼泪，就是被它感觉是被它的那种辣劲儿给熏的，就是一直在流眼泪。	0
我的眼泪一直在飙，然后把我的卧蚕啊底妆啊什么的都冲毁了，当时我还在外面。	0
这是一个不想回忆的一个事情，然后后来呢我就把这个眼药水给我男朋友用，但我男朋友也说只是感觉到辣，然后。	0
我脸怎么还是一样，完全没有没有变，就是它的遮瑕力呢，完全是0，0，就是它叫天生美肌是因为它说哦你擦了以后。	0
那既然有它和没有它都一样，那为什么还要花钱买这个粉底。	0
雷到。	0
这是我今年用到最雷的产品，可是它们家还有一个超好用的粉底。	1
这两只长得有一点像，可是这一支是好用到翻天，可是这一支就是。	0
不要用这个。	0
大雷。	0
感觉这个颜色很实用，很适合拿来修容，而且包装那么可爱还那么便宜，我就买了。	1
所以就会这样，就是有一条，就是有一条很明显的修容线在那。	0
嗯，我讲这话非常的怕会被永远封杀，加入黑名单。	0
这个眼影呢是我一直留下来的，因为它真的好用。	1
然后接下来第三个，我觉得非常难用的年度雷品呢。	0
太雷了。	0
非常好看，可是又很花心的小鲜肉。	1
丢也舍不得丢，因为它太美了，你舍不得把它甩掉。	1
这个专柜的我觉得非常难用的东西，是。	1
就是，你差不多刷了半小时，你就会发现你的眼下是黑黑一圈。	0
千万不要买它们家的。	0
少女。	0
让我对它家蜜粉非常失望。	0
因为我把那一天擦了一个很漂亮的那种妆感很美的粉底。	0
我脸完全皲裂了。	0
完全没有那种化学香料味，涂起来很滑顺，然后它是雾面的，很写。	0
这个雷物呢，是一个专柜产品，我曾经非常的爱它。	1
可是后来呢，由爱生恨。	0
没错，我之前非常的爱它，我真的。	1
因为它的味道太疗愈，而且它的包装又很美。	1
它让我长了很多的粉刺跟痘痘。	0
我觉得根本不够的，所以我觉得它作为补水精华。	0
所以我这一款不是很推荐大家用，特别是在冬天嘛，而且我现在。	0
已经开始开空调，或者是在北方的妹子，已经有了地暖，那就更加干燥了，反正在冬天我觉得它是一个非常非常鸡肋的东西，而且。	0
还有这么很容易脏。	0
滑一点那种效果还是有的，但是。	0
一点点轻微的效果的情况下，它还要经常跟粉底打架，就像我今天用的也是这一款primer，发现。	0
不太会要，然后又不太会用它了，因为这款真的是。	0
没有什么卵用，还要。	0
其实那都是我珍藏的宝贝，好吗？今天就跟大家来分享一下我的这两个空瓶。	0
然后我没有很推荐，因为它洗完是挺。	0
非常非常的好，good	1
但是就是用的实在是太快了，我觉得我这瓶好像也就用了半个月就用光了吧，不过好在它还很便宜。	1
美宝莲的那个就是用的太快了，然后这个就用的太慢了。	1
但是它其实很好用，就卸得非常的干净，你看。	1
实在是太好用了，它乳化速度也是非常的快，卸完妆以后就是不会有那种残留的感觉，然后也不会有很油腻的感觉，之前我用那个旁氏的那个就是觉得。	1
太油了，就是感觉就跟猪油抹在脸上一样。	0
倩碧的还是蛮好用的。	1
清淡的薄荷一样的感觉，接下来呢是这个BBW的身体乳，我之前还有。	0
反正我用下来这个就觉得味道很好闻，然后它们家就属于。	1
清爽。	1
我这个形容也是绝了，就是大概就是中上的厚度，然后用下来感觉还很。	1
对味道的承受能力没那么强的话，其实我不太推荐，因为真的很香很香的，可是我非常喜欢很想很想的人的。	1
欢了，就是，这个是我去年夏天的爱，真的，爱到不行。	1
这个真的是太好用了。	1
味道也是非常非常好闻的味道。	1
但它价格好像不是很便宜，但是真的太好用，它既是一个精华又是一个乳液。	1
属于不出门的话是ok的，出门的话还是要涂防晒的，这个我非常非常的推荐，真的太好了，如果有机会的话，我。	1
推荐。	1
真的是喜欢，然后它里面是带一点点珠光的。	1
我很喜欢在冬天用它，其实我之前。	1
擦掉你脸上的东西，第二天早上起来脸巨嫩，就像剥了壳的鸡蛋一样，就我还很推荐的。	1
一个比较油润的睡眠面膜的话，那你就可以选它啦，眼部精华这个很喜欢，然后现在我在用它们家的那个。	1
还挺好用的。	1
一般般，真心一般般，不推荐大家，然后现在，你们懂的。	1
不多说了，反正就真的一般般。	1
不推荐啦，味道还没有。	1
我很喜欢这个，这个是那个symbo的。	1
你洗完以后身上就会觉得滑滑的，就没有那么干，当然你还是要上身体乳。	1
就是我觉得它们家味道都怪怪的，没有什么特别特别好闻的味道，就是用久了你会觉得好闻。	0
以后会好的，就是用久了我觉得会很好闻，但是你刚买到的时候你就觉得，唉，什么鬼。	0
我用下来觉得很干，真的干炸了，就是。	0
我不推荐大家，我觉得没有必要，但是我男朋友就觉得特别好用啊。	1
男生可能都会比较喜欢清洁力很强。	0
就是，不过是法国牌子啊，然后我觉得还ok的，就是肯定没有那么滋润嘛，夏天用还是不错的。	0
漱口水，然后漱口水的话，这个是coach的，然后我觉得还挺不错，因为它这个漱个什么。	0
青柠味的，我觉得很喜欢，很喜欢，然后一个是吕的护发素，我觉得一般般啦，不好用，就真的不好用，然后是。	0
这个睫毛膏真的超级好用。	1
对于我来说超级好用。	1
首先它可以把睫毛刷的很翘。	1
然后刷的很长，必须它得做到这两点才能说是一款好的睫毛膏对不对。	1
虽然说它也有缺点吧，就是它一次带出来的睫毛膏的膏体太多了。	0
我强烈安利大家去买。	1
真的非常好用，我在无限的回购它，用它在我脸上大概是。	1
那种新生的痘印就可以淡的差不多，看不到了，虽然说痘印完全褪掉需要更长的时间，但它真的加快了痘印的去除，这款精华我用了应该有一年多了。	1
非常值得购入的产品，它比那个网红款的。	1
好用太多了，如果大家有需求的话一定要去买它，接下来是一个。	1
它的产品真的非常非常好用。	1
它的保湿力非常非常够。	1
起皮啊结块的现象，用了它之后基本上就不用担心有这样的状况出现。	1
也不会有那样的情况出现，而且我觉得除了保湿之外，它还可以提高底妆的那个。	1
不会出现那种脱妆的情况，这瓶我推荐给。	1
一点都不卡纹，这个的质地非常像液体，就是没有那种膏的那种感觉，可是同时它的遮瑕力又很不错，我的痘印都可以用它来遮掉，就是刷刷两下就已经遮掉了，然后它在我的眼下。	1
完全不会什么脱妆啊之类的。	1
18刀还是十几刀一只，就很便宜嘛，但它只是这种专柜遮瑕的三分之二之类的。	1
我很喜欢。	1
可是这不影响我爱它。	1
它真的非常好用，这个眼影给我的感觉是我一画上去它自己就晕染好了。	1
非常值得，买这盘真的是不吃亏不上当，就是，你用这盘基本上就是告别了疯狂晕染这个事情，它这个五色盘还有一个。	1
想把这些好东西推荐给大家。	1
马寇那款我也用过，用完之后呢，还是会有一些油，就是油润的感觉，这款就不会，就感觉很清爽。	1
也很干净，总之是一款很优秀的卸妆，真的很推荐大家去买来试一试。	1
唯一的缺点就是保质期太短了，打开之后呢。	0
真的很推荐这两款。	1
而且最关键的是它很便宜。	1
差不多人民币六七十左右吧，很棒，推荐大家试一试。	1
或者是有一天，我要有重要场合需要化妆呢，我前一天也会用它，皮肤状态会好很多。	1
值得大家去买。	1
很软糯的那种感觉，是主打皮肤去黄。	1
很嫩，很滑，真的真的，超级推荐这个九蔻面膜。	1
细致毛孔的效果我是没有看到，感觉它没有蓝色的好用。	1
也不粘腻，也很好吸收，用过之后真的很像皮肤那种喝饱了水的感觉。	1
如果你想选一个比较单一的，就死只补水的一个面膜，真的很推荐。	1
我用空了六瓶，真的是太好用了。	1
也有去痘印的功效，吸收非常非常好。	1
涂了之后也不干，超级超级推荐这个精华。	1
只要它不停产，我真的是会一直一直用下去。	1
修复功能很强大。	1
乳霜质地的中等厚度，但是很好吸收，没有粘腻的感觉。	1
你状态很好。	1
第一次接触这个feroga的这个产品，确实是没有让我失望，所以下一次要用一下它家其他的产品。	1
我从16年接触到这个精华之后呢，就没有停过。	1
家里的空瓶无数，超级好用，像水一样的质地。	1
非常好吸收。	1
我推荐她用这个feroga的精华之后呢，这个说非常好用。	1
总之就是超级推荐这个。	1
超级好用，它也是和那个奥尔之心的那个精华一样，只要它不停产，我会一直用下去。	1
它并没有让我失望。	1
挺好用的。	1
很大一罐，就是，而且价格也不算贵。	1
用完了之后感觉超级安心，它也有修复的效果，就是总之呢。	1
是一个非常优秀的面霜。	1
我觉得根本没有网上说的那么神奇。	0
它让我的皮肤呢有了一个质的飞跃，我一般呢是用第二档。	1
嗯，隔一天用一次，第二天起来呢，皮肤好到爆炸，滑到爆炸，用了一个多月了，脸上呢就是。	1
包括痘坑啊，都有一个很好的改善，也很少长痘了。	1
每个空瓶几乎都有它的身影，因为它价格非常便宜，而且也非常好用，当然自己个人觉得我用多了之后发现。	1
但是卸的还是干净的，硬挑一个缺点的话就是有一点点起泡沫。	0
那我用它其实也还是蛮喜欢的，而且秋冬来用的话我觉得是非常好用的。	1
特别不喜欢。	0
用到过最喜欢最喜欢的防晒了，没有之一。	1
不是特别的喜欢，那唯一是这个，对它有强烈的喜爱，就觉得它真的是完美。	0
非常水润的一个质地，不是开玩笑的水润，它真的是水润，一点都不油腻，完全没有擦防晒那种负担感，擦完之后完全没有。	0
在防晒里来说也是非常大容量的一个防晒，真的超级推荐，我真的很少这么强烈的推荐一个东西，特别是防晒。	1
它有一点点酒精的味道，非常轻微，而且这个味道我觉得还挺好闻的。	1
然后再说一下契尔氏这个淡斑的精华，我之前时候特别不喜欢它。	0
SK2的这个要好。	1
性价比也极其的高。	1
再跟大家讲一个卸妆，这就是理肤泉的那个眼唇卸妆液，特别好用，非常好用，就是所有好用的形象，就是卸妆液该有的优点都有，就是大家有机会就是。	1
但是就是觉得并不是我的菜。	0
但是它出来之后里面那个磨砂颗粒是会没掉的，这个我也不会回购了。	0
这个vc的精华让我满失望的，因为有可能是我对它期望。	1
期望挺高，因为它是9月推荐的一个。	1
我觉得小蓝瓶比这个要好用特别特别多，这个还特别不好买，我问了特别久才有货。	0
这个盖子，这个压头特别的不好压，老是卡在那，然后里面的管子已经掉了。	0
娇韵诗家的东西有一个缺点就是他们家东西香味真的太重了，这种香味。	0
特别好用。	1
所以我觉得还是蛮推荐的。	1
皮肤非常的光滑，是一个很稳定的状态，这也是我推荐过特别多次。	1
觉得它没有说多神奇，但我还是非常喜欢，非常推荐，就是。	1
真是受不了它的那个味道，然后就是。	0
真的觉得它非常非常的好用。	1
其实它的好评反馈非常的好，百分之九十几的。	1
都会说好用，然后都会回购的，极少数极少数的人可能。	1
它的滋润度是非常高的那种，然后很浓稠，吸收度并不是。	1
那我把它当做一个水后的一个精华，一个轻微抗衰老啊保湿精华类的精华来用，我觉得还是非常非常喜欢。	1
年前出不出来了，非常的悲伤，对。	0
那我个人还是挺喜欢这个的。	1
没什么太大的感受。	0
这两个品牌的眉笔我都觉得是非常好用，然后价格非常便宜的眉笔。	1
一直在吐槽。	0
哎，我也用过，个人觉得并不是特别的好用，会让你的皮肤特别的干，然后并没有去痘痘或者去闭口的这个效果。	0
那么理肤泉有两个乳，一个是K乳，还有一个叫DUO的那个，那两个我都用过，所以我个人是不怎么喜欢这两个乳。	0
因为它没有功效呀。	0
它没有去痘痘的功效啊，可能是我自己性子太急，我真的等不了任何这种。	0
痘痘胶，是个垃圾，真的是。	0
但是它这个面霜其实我觉得挺好用的，保湿力度的话。	1
够了，日本代购那里买的水，我觉得一点都不好用，反正。	0
很难用一个东西觉得它难用的人，反正这个东西就是不好用。	0
四五个睫毛膏，其他的四五个睫毛膏我都特别的不喜欢。	0
都是会晕的一塌糊涂。	0
然后最后一个就是这个雅诗兰黛的眼精华，这个眼精华我非常喜欢的一个点就它的包装是这样子，鸭嘴的设计，那么它的使用感来讲是不错的，就是。	1
我都是可以接受，在眼精华上面我都是可以接受，因为毕竟可以用非常非常久。	1
丢丢忘记它的使用感，但是我当时用的时候就是挺喜欢。	1
非常的温和。	1
包装很好看对不对，包材也很好，市面上的国货面膜非常多，琳琅满目的，一块2块3块四块的都有，这个面膜的价格差不多是。	1
看到没有？非常柔软，非常服帖，而且最重要的一点，它对我来说够大，很多面膜，小小的，我。	0
唉，这个灯又没电了，也没有什么很刺激的味道，也不会辣眼睛，所以对我来讲它的使用感很好，第二我们看配方。	1
石延春是一个有效防止皮肤粗糙，补水，舒缓的一个成分，排名第二。	1
然后觉得有点刺激，这个都不会啊，那像我说的这个面膜使用感很好，配方又很好。	1
价格又不贵。	1
滋润，能够解决一些由于干燥带来的皮肤问题，对不对。	1
哑光珠光都有，然后可以画出来一个比较自然的眼妆，很常用很实用，对不对？但是我今天想推荐的是这个。	1
不错的。	1
然后也很便宜。	1
嗯，还是比较好用的，就是大部分情况下呢，它都是能够。	1
不太方便的地方就是我每次，比如说我现在这样子。	1
额，就显得有点麻烦，如果它能像指纹识别那样。	1
非常非常兴奋嘛，然后我就赶紧去玩了几盘，然后我就觉得使用感真的非常非常的好，就是。	1
超级兴奋的，刚拿到这个手机的时候啊，就是玩王者荣耀是。	1
比以前iPhone4s和iPhone4好看。	1
之前我有看到网上有很多不好用。	0
这是我的iPhone4s却也发现有卡的地方。	0
我喜欢四位数。	1
所以这个就是我很不喜欢的。	0
缺点就是它可能会延迟一秒，半秒钟，一秒到半秒钟左右。	0
帮助你的生活有一些智能的变化。	1
蛮吃惊的，蛮不错的一个产品。	1
不错。	1
因为它真的解决了我很多事。	1
都是我非常喜欢的，所以我是。	1
对苹果产品就非常的喜爱和热爱，基本上每年苹果的。	1
即便是带home键的机器上也会加入这个功能，现在还没有，如果有的话那就太棒了，第二个我喜欢的。	1
屏幕的时候呢，也会非常的漂亮，非常的，就是。	1
生动。	1
这个屏幕就整体看起来这个视觉，我觉得是非常非常好的，之后就是这个机器的速度，因为它是。	1
它的速度就没得说，基本上不会出现任何的卡顿的情况。	1
嗯，我就是想用更大块的屏幕，我对这个事的一个感受就是，我喜欢全面屏，我喜欢更。	1
有素质的东西更好点，对他的续航能力也不行。	0
对这款手机事满意的，第一，这个是iPhone十周年的一个拿出的一个作品。	1
而且它依然我觉得是这个星球上可能是做的最好的。	1
三星售后难走。	0
比如说中国移动。	0
这机器是我，我们啊也没有抢到，我们这个天然脸黑的属性是永远抢不到的，这个我还是。	0
就觉得iphone8Plus还是不错，就把它买回来了，回来之后那现在就是在我手上。	0
简单嘛，然后让人感觉很舒服，然后。	0
所以说我就觉得，太坑了。	0
奶白色，导致这个金色是一种焦糖样子的颜色，所以说还是非常好看。	1
非常方便，也非常的快捷。	1
你在用起来的时候非常方便，它不像其他手机你按半天它不解锁。	1
所以说它的产品能卖得这么好。	1
非常好用。	1
嗯你看书啊或者是看网页浏览网页的时候，根本就不会伤害损害眼睛，而且那个颜色看起来非常的漂亮。	1
所以我觉得苹果的技术做的还是非常成熟。	1
iPhone上，我觉得这是一个很好的进步。	1
非常好用，而且可以把声音也加进去。	1
所以说它做得非常好了已经。	1
嗯，但是一开始它做出来的时候，系统有一些不稳定。	1
这个摄像头是我觉得我无法忍受iPhone的一个重要的原因。	0
所以我觉得无法忍受。	0
还是非常不错的。	1
比较真实，看起来还是不错。	1
通常情况下不会令你，令你满意。	0
很大的福利。	0
真的就像大片一样，像拍电影一样。	1
拍那种纪录片一样，非常好看。	1
很鸡肋。	0
是目前手机界来说是最牛逼。	1
是三星的那个note8也做得不错，它们两个。	1
很快。	1
那我就试了一下也可以用，而且非常快，大家可以看一下。	1
立刻就开始充电，非常快。	1
和5瓦的差不多，就那么慢。	0
我觉得还不如拿那个充电线充比较快一点。	1
就没有放牢。	1
我无法忍受。	0
真的不错。	1
比起其他手机，它真的来说算是一个机皇了。	1
还有一个问题就是我也不能忍受。	0
平凡，很没有什么特色，但它的性能非常强大，它是苹果iPhone系列里面功能最强大，性能也。	1
很好。	1
都是非常不错的一款手机。	1
苹果iPhone8Plus是一个最好的选择。	1
可以拍的非常好看，但是。	1
这种感觉就是非常非常的棒。	1
因为它真的很简单。	1
当时我讲的时候说它是一个非常好的拍vlog的一个设备，但是其实呢。	1
很多人在追捧。	1
很漂亮。	1
非常的时尚。	1
比较受欢迎，一会儿呢我们也去感受一下。	1
推崇这个原汁原味的。	1
清晰度非常的高。	1
嗯，这几个耳机呢我个人认为是相对比较全面。	1
这几个有潜力的耳机。	1
所有的解析分毫毕现，而AKG是听着最舒服的一款耳机。	1
当然了AKG也有它的问题。	1
很多人反映高端的AKG耳机品控不太好。	0
高频妖娆，那才是真正的女独。	1
但是中间这个频段非常的舒服。	1
低频的质感还是相当优秀的。	1
三频衔接，是它的最大的一个亮点。	1
过目不忘的这个。	1
所以对我来说线是没有价值的。	0
这个即使不旅行，放在家也是很好用的。	1
能看到这个遮瑕力确实是没有那么那么的好，但是整个脸部的话是一个非常有光泽感的一个。	1
非常的推荐，然后我觉得这个不管是油皮或者是干皮，都能够在脸上发挥一个非常好的功效。	1
不会，就是弄脏你之前的一个妆感。	1
显色度也非常的高。	1
非常好看，然后整个毛的话。	1
非常有使用感，非常的好。	1
它的抓粉效果也是非常好，刚才我在刷眼影的时候不知道。	1
会让你这个眼影的显色度得到一个非常完美。	1
非常好用啊。	1
抓粉能力非常好，然后它非常的软。	1
非常的软。	1
非常好。	1
非常适合我。	1
大家好，我是名侦探柯南，凶手就是。	1
怎么会有这种东西？我现在想向她道个歉，因为我这辈子吃过这么难吃的汤。	0
这款糖完全可以用来送给你最讨厌的人。	0
哦对，我是在吃最难吃的糖，但是不知道为什么就变成了唱歌。	0
你喜欢就好了，因为不代表说。	1
并不会因为什么原因，我就公正的说，不好用不推荐，买。	1
这个臭厥鱼真的是很难很难吃的。	0
我非常奇怪。	0
然后说话变得不顺畅，感觉讲两个字矫情一下。	0
它的质地非常非常舒服，份，的。	1
没有任何缺点。	1
我要吐槽的是。	0
昨天的视频，一口就是你的了。	0
你是不是变了？	0
这个真的也超级好，了解他好吗？	1
但是会让他舒服。	1
为什么要死？	1
其实我拿到货的时候，我觉得还挺好用的耶，主要是咸蛋黄那个口感还挺好的。	1
这是别人给我的最高零食，然后最高是那个牙签牛肉老师豆腐。	1
小牛顿去喝那个别人的那个喜酒了，然后那个糖就给这个很久很久。	1
小川贵麻辣土豆片，这个是我室友，她每次回长沙的时候都会买几斤两斤，这个我们宿舍，然后我们宿舍四个人就会买很多很多的王老吉，因为这个还挺大的，不那么上火，我现在自己一个人好。	1
好吃，是好吃，但是有一个缺点。	0
大三下学期的时候我就开始打工，实习兼职，就各种方法充实自己的生活，然后我就渐渐改变了失眠的状态，就是真的，你在那里一直失眠下去了。	0
所以我就不会再像以前那样，焦虑到深夜睡不着觉。	0
嗯，就是今天的分享。	0
我对他很器重。	1
补水的这种，最后特别特别喜欢。	1
我不是特别喜欢黏乎乎的，然后你如果他是用，你会觉得她粘枕头这样子。	0
洗了超顺滑的。	1
这就是超火的，大家都推荐的那个，我也特别喜欢这个。	1
便宜又好用。	1
这个嗯个特别喜欢，因为他这个瓜是铁的，能把你变形了之后，你没有办法给它恢复到一个整齐的形状。	1
肩膀啊，然后腰啊，经常酸痛的姑娘，这个应该是必需品。	1
哦我应该不会花大价钱买这个。	1
都会这样，真的都特别喜欢。	1
我太骄傲。	1
我喜欢的黄色米色，黄色的竖条又有一部分浅色。	1
点分开我干净卫生的喜欢。	1
相对来说比较轻松一点直线的卧室那你看到这个视频我，我。	1
然后他说他这个电脑的非常非常的薄的。	1
特别伤心的你。	0
我喜欢。	1
你可以去控制它的。	0
就会非常的方便。	1
可以去买一个，啊。	0
那其实除了面膜之外的，我之前已经分享过很多经典的视频。	1
警告他。	0
晚上整个脸肿的很。	0
然后截图，特别喜欢，对我来说。	1
如果你喜欢我。	1
无聊。	0
这人啊，有事联系方式。	1
我姥姥老难受了。	0
我很遗憾的告诉你。	0
但由于系统时常遇到加载地图之类的瞬间高富帅的情况。	1
我可能适合某些人的，不适合我。	1
我错怪他了，我跟你说。	0
这个狠狠报复你。	0
为什么说我后悔？	0
掉渣问题，错的非常严重，还有，嗯。	0
哇，这些视频的全部内容你喜欢和我说。	1
美好的一面，但是实际上我们的生活美好啊。	1
所以大家才是最完美的，不可能。	1
强烈建议您登录来看，因为你登陆之后他才会记住你的。	1
非常欢迎下载试用看看啊。	1
非常的厉害。	1
就准备了这么一些去年比较让我失望的产品。	0
好美，但它不仅仅是装饰。	1
让特别接受不了，就是一个很甜到发腻的味道，蛋糕在脸上的感觉一样，挺好的，额。	0
特别喜欢皮卡丘。	1
我不是故意和他唱反调，我是真的不喜欢。	0
我之所以会去买它，是因为太多美妆大手在推了。	1
不会心疼。	0
就是在枕头上睡觉。	0
香蕉船身体防晒两个月了。	0
觉得还蛮好用的。	1
超级的好看，就很酷很有个性。	1
就觉得很有质感，不会影响。	1
感觉非常的舒服。	0
你是个屁。	0
这个就没有救了。	0
晚上厂里的活太热太多，对这产品真的不是很推荐，这个。	0
很伤心的话，这个问题。	0
我只知道让我难受一天。	0
买衣服非常便宜。	1
非常舒适的。	1
我之前在这个购物分享，听了妹妹的这一瓶。	1
然后就是非常的方便啊，我又是油。	1
妆面会有任何的干燥起皮的亲。	0
真的是质量非常好。	1
不然这段时间非常喜欢深一点的红色的唇膏。	1
不太适合自己的产品。	0
第一个吐槽的就是安排你的这一个干湿两用的。	0
并没有想象中那么好，产品，就是很多博主在推荐的这一。	0
他并没有在我的睫毛另外还一直在扯我的真睫毛，不是假肉撕扯睫毛。	0
那你到底是想闹哪样嘛？	1
那我第一个要吐槽的太多。	0
我的现在用了一段时间，我觉得确实挺好用的，就可以把其他地方。	1
如果你想省一点的话，我就推荐这种方法。	1
少女的感觉让我觉得还挺喜欢。	1
完全就已经不喜欢他。	0
不想看到的人直接关掉 	0
读书的问题你说我很早就没有读书了	0
我十五岁就出来打工以前的一无所有到现在的很红	1
用我父母的话都是卖菜的吗	0
也不像搬砖那样我也跟那个差不多也是干的苦力	0
两年以后就没有在干那一种苦的因为	0
因为那时候不小心把腰扭伤了	0
不能再干静一种苦力活高	0
达到了10万播放量	1
除了吃其他都不会	0
对钱的需求也会更大非洲以后可能也会签约一个公司都想也不敢把大号了在这里说我不会前言公司说说这就是我做视频半年来的感受那么这还是非常感谢大家一直对我的支持	1
我会继续创造更加优质的视频给大家感谢	1
那个本期视频超得到的解释微笑的视频可以帮点和关注我们下期再见拜拜	1
大多数的博主和不up朱的她都是富二代	0
或者是特别漂亮了或是特别有技术	0
毕竟我大学是混过来的	1
你要有辨识度	1
站在别人的角度去考虑别人慧喜欢看什么样的内容别人会哦	1
给我留言说天天不火天理难容然后就说从一点点看到	0
我到现在为止的话我真的是你们给我的动力我成长的速度成长的轨迹在	1
哦互联网的这个圈怎么来说你就算很慢很慢的啊那我能坚持我坐下去的理由真的是心态好然后就是	0
爱好支撑着我走下来，要用电梯了	1
荣幸跟大家	1
非常出色的一些	1
所有觉得挺值得大家去	1
还有一点点颓废的感觉	0
这个频道更新的频率也很快	1
发现很不错的	1
手仙子一些流行歌曲	1
就是比较适合	1
比较嗨适合party	1
放在车上	0
唱歌也非常好听	1
把吉他唱歌	1
非常非常安静和舒服的感觉	1
有些是他自己写的	1
非常非常优秀的	1
非常擅长制作	1
平常闲着没事的时候就会	1
我相信这个	1
他分享了这些故事很有意思	1
都可以学到很多	1
特别享受	1
他生也特别的好	1
非常的漂亮的模特	1
姿态训练	1
保持身材的一个方法	1
谢谢你来了	1
这个频道也是我关心	1
个人也能我非常喜欢看他的一个解	1
非常好看的女	1
所以是一个比较适合你	1
动物爱好者	1
看的是ame的视频	1
感谢大家今天的观看	1
我想399就买一个卡片机会不会太贵了然后b站特别多人推荐	1
后来自己慢慢慢慢心态慢慢慢慢改变吗然后包括自己对于做视频这个事情的态度的改变觉得自己确实是喜欢我然后希望自己可以在课余的时间就是	1
那个gf9可能是	0
固定的这样一个拍摄的	0
还是挺好的	1
甜蜜蜜	1
梨子巧克力慕斯	0
不用出门动动手指就可以品尝海外米其林了	1
顶级星厨	1
但是目前只能在上海	0
你可以走起来了收藏点赞投币	1
一个个的检查了	0
我从弹幕里面	0
开始吧	0
质量是非常好的耐火耐热耐省的而且我觉得他们有个环保概念特别好	1
因为现在好像可以参加什么回收什么盒子活动还可以拿到领取而是我觉得这种	1
环保概念其实蛮少的在国内目前来说	0
废话不多说	1
吃牛肉真的很多人看	1
做出来的那种	1
用甜甜咸咸的	1
买房当中这个是看起来最高级的	1
特别喜欢吃这个我知道了	1
我就说你喜欢这个怎么样嗯	1
不知道很尴尬感觉放鸡蛋会好吃	1
我真是的是从小吃这种色拉长大的	1
我的喜欢只有醋然后再放很多糖或者就是这	1
这是真的专业可以看得出来哪个色拉酱不要太一样	1
他就是柠檬喝有道	0
鞋子好看	1
重口味这个感情淡了	0
炒好吃	0
日本和法式甜点超不错哦	1
这个加上这个棉花糖这个脆脆的焦糖的口感超棒	1
上面这个脆脆的焦糖真的是觉得口感变得丰富	1
最好是	1
他这里也非常的新鲜很	0
能够吸引大家的注意力	1
可能有些人真的有天生是领袖魅力一种东西	1
而是我们通过小技巧	1
增强的沟通能力	1
都能够非常受用	1
非常的努力	1
废话不多说我们先看看这段影片	1
不管什么事情有趣经历慧	1
进入重点之前要先确保	1
所有观众注意力在你身上	1
大七嘴八舌聊天的人开心的时候这种理想	1
大家的注意力根本就不在自己身上	0
直接插入话题	1
正确认识到这一点非常重要是因为	1
音阶落差拉大道呼	1
故事的时候	1
介绍某一些没得奖	1
这就很容易让	0
观众感到无聊是不耐烦	0
大屏上客户车听演讲的时候很热重经验吧	0
你的底线完全是在一起笔记然后是华手机之类的	0
讲话过程当中突然中断	0
其实有助于集中听众注意力	1
很容易紧张	0
感受慢非常非常多	0
邓肯时尚的给我两分钟伟	1
兔子不能自己不能停不要你不能让停下来之后就再也找不下去	0
一秒钟有多高	0
或者你觉得自己很好笑	1
停顿了就可以给的时间去理解	1
避免泰国无聊	0
观众也就给你自己一点缓冲的空间	1
小诀窍让你能够对	1
有所帮助来	1
哪个是叫	1
你能够更容易的	1
想要学习如何吸引女人让ta倒追你	1
恋爱追女生相亲挽回方面的情	1
情感问题需要帮助	1
我喜欢我的视频	1
你是我在	1
b站上的收益是	1
这个月是收一下	0
播放两两年收获到的钱虽然不多但是这也是B站也可以创作者被一个肯定和支持	1
我可能真的不会	0
精确希望大家可以体谅一下	1
胶牛柳	1
可能排名不是很高但这个时候如果你发现有你保底的学校	1
我们在十月份的时候尽早去申请	1
为什么那个因为她申请开始的早给你的结果的枣	1
然后如果你们在EA的时候都是申请保底学校这样的话之后就会早一点知道结果	0
收到一份录取通知书虽然不是你心里想去的但是	1
李欣有点的感觉华有学校的感觉真的是特别特别的	1
自己可能太低了	0
四个月十号	0
往回头来看	0
我现在可能偷偷懒我不是申请但之后	1
这首你一定不要了就是你了去做你想做的事情	1
第三个建议是不要拖延真的要尽早的开始写文书的文书真的是我之前	1
整个申请最头疼了一段时间	0
如果大概要申请个EA或者EB的化十月份	0
就去抢这个本书的然后	0
现在距离这个	0
将时间后一个月	0
大家别看说话三十天写一个650字的eaasy好简单呀	0
真的不是这样的我好像是暑假还是刚开学的时候开学的时候	0
九十月份吧然后我从第一个一个搞我一共写了十四个稿	0
然后我现在回头再去看第一个搞的时候发现	0
变化了很大的	0
第四个建议是写文书的时候真的不要用套路	1
可以准确的表示呢	1
套路木其实我的对于我们中国学生来讲就不只是中国学生对于英语	1
不是母语的学生来讲	1
其实我们一个很大的劣势就是	0
英语母语的学生好	0
一本文笔好要不然题材好吃	1
烈士我们要怎么去	0
发挥我们的特长就是我们要从这个	1
题材拉入手	1
有特点的题材	1
然后有意思的一个题材来讲的话他就	1
在几点上这个	1
截然不同的差别	0
因此我不建议大家选一些特别大众化的题材	0
嗯嗯不要九个月的话可能就是像什么	0
写一篇关于	0
快乐的文章	1
切入点特别有意思那就	1
也可以但是我还是尽量建议大家去选一些	1
你觉得可能别人没有选的题材	1
然后我的第五个字给刚那个建议是有联系的我的建议是	1
这是你自己的文书你一定要相信自己相信的东西啊不要写什么	0
别人觉得你应该写的东西	0
因为实在太多了反而有点难	0
食堂活动表现了你在学校里很积极啊然后呢	1
当社长啊有领导力	1
我们读过的文章我就想说这到底是不是我想写然后就发现	0
不是我想写的然后真正想写的人是关于	0
遵循了说我的直觉我觉得我要写这个然后我就写了	0
满意的	1
给我给慧但是我回去看我这个文章	1
这是我想写的东西和我一点都不后悔所以我觉得它对于大部分的同学来说	1
你要想清楚自己到底要写什么如果你知道你要写什么你写出来的时候就会感觉更顺畅一些	1
不是说别人逼你写一个	1
感谢的话我可能的是不是最后会会说	1
放上一小段我们书里写的	1
第六件事虽然我跟你说就是你在他题材上	1
雪你自己想写东西但是你写完这个文书之后我觉得让你的朋友	0
引文你有时候看不到你的身上的东西	0
你的朋友或是你的老师能看到的东西	0
有些错误反而可能会去忽视掉他	0
关于心态那个调整的	1
你不一定都能得到回报	1
对不起好像是个黑鸡汤但是却是这样的	0
想明白这个世界是	0
世界是不公平的因为	0
如果你一直觉得什么事都要公平你都会是去对比你就会觉得他为什么这样我就不能这样	0
不能去这么想一些事情就是	0
有些事儿每个人和每个人就是不一样	0
讲究一个平衡因为	1
不平衡的基础上	0
让自己找到一个平衡而不是从你和别人的身上	0
去找一个平衡	1
有什么本来该录取的上没有录取你可能就是	0
录取你了那可能就是你运气好这样的话	1
不公平啊但是你反过来来想每个人都有运气好和不好的时候	1
所有的学校不是所有的学校发布成绩那一天然后如果的心态不好到时候你可能就要崩溃因为那天早上我想的时候	0
我被四五个学校直接给拒绝掉了	0
上学时又发烧华好多人就是你所不知的时候全部都被录取了但也有好多给你这样就是被拒绝的	1
但是不管怎样生活还是要	1
继续吧就是	1
运气不好的时候	0
然后第三个建议就是	0
跟之前的预估成绩来比的话	0
并没有之前的那么重要但是我想说的就是	0
就是问你最后的成绩跟之前的预估分	0
掉的太多她是有权利可以把你给	0
拒绝的大家一定要	0
往下滑的太多	0
也是强挺多的把我从	1
然后我就连忙给usc发	0
也是在可以接受的范围是在然后他就有学上啊嗯所以呢怎么说大家先不要带太多但是你看我就是IB	0
39掉掉到35大概四分左右就是	0
是可以接受的最大点	1
又根据所要求要知道	0
体彩萍傻	0
我这这几个月对她来说就是看一个特别特别简单特别的难熬	0
但是请你一定要相信就是	1
你们就是时间很快很快就能熬过去了就算你们现在觉得我	1
这个每天活着感觉没有明天了但是当你们拿到结果的那一瞬间你们回过来想	1
过年在挽回想你不只是	0
虽然当时感觉很奇怪	0
怀念这段时光的	1
经历一个阶段吧	1
在学校待到的像有时候晚上会呆到一点	0
我还是好怀念啊这就是当时每天	1
整个人感觉都不喜欢那种感觉现在想起还是挺过去的就是那种	0
每天早上起来就要死	0
天天买个什么咖啡在家里坐着然后不睡觉刷题	0
天天讲个看起来就是面如死灰	0
并没有第十第十个但是我觉得这个十这个数字是个整数	0
能睡的度过这段时间吧	1
肯定不会是一直顺利但是你不能	1
活着都是多长时间能一年后就是	1
回想这段时间然后就没有后悔的事情然后你们一定要	1
相信自己	1
你看这么多学长学姐们都度过来的	1
你们肯定也可以的	1
我给你们爱的力量	1
然后等待你们之后的好消息	1
视频要结束了	0
有些同学会担心	0
作文的时候	0
的时候和同学	0
身体的话唯一只是利用你	0
不用太担心	1
可以马上借的到底应该	1
两个网站	0
会毁了你	1
第二个就是	0
因为我很想当导游	1
就是你喜欢	1
想要的话我也这样	1
看什么内容的话	1
日语怎么学	0
优点有哪些	1
觉得还好	1
虽然我觉得我语言能力还是不错的	1
自学是非常难得	0
为什么要跟自己过不去明明可以用前人与老师给你指导	0
我是打算化学名言句	0
那是我这几年的工作历程当中的我觉得networking有帮助	1
关系帮身边那些	0
又找到了工作说说响了趁这个机会给大家分享一下就是找工作的一些小的经验吧	1
hello大家好我是cathu很开心又回到频道	1
在多伦多，后来觉得平台越老越小	0
回来我开心的事	1
工作的本身	0
很长的过程要走的	0
但是不是说我是觉得说了解自己是一个在找工作的过程中很	1
怎么去探索	1
不同的渠道去找到有效的人脉	1
可以帮我们找到自己的工作	1
就是那些场合是可以认识的行业大咖的那众所周知几点了学校的官方的	1
你对这个有兴趣他们就帮你找了行业打开给你做	1
我觉得是特别重要的两点	1
参加了一个学校组织的当时很幸运的拿个第一	1
作为这个人的这个队吧	1
给那些评委有了一个好的印象的他们结束之后	1
就有和那些评委聊天了	1
比赛上的表现很不错还挺不错	1
喜欢我的所以呢	1
还有关系因而保持一个比较好的联系	1
给我推荐工作	1
最真的是受益匪多	1
非常重要渠道	1
有效人脉的	1
他喜欢学习	1
一个学生会的一个干部或者是一个leader角度和他们去沟通的时候	0
会很愿意来参加你的	1
在乎的一个群体	1
会考虑到这个群体	1
做一个case或者评委	1
他们去那里当嘉宾也好啊	1
比较好的关系	1
来参加了这个活动中你的活动办的好呢	1
社会留下个很好的印象	1
大学的时候的非常好的学长学姐们	1
没工作了	0
怎样画一个好的看不鑫神兵	1
好尴尬先吃点什么	0
伸出你的手非常自信的人佳做一个自我介绍	1
你就可以进入到这个话题以后也可以	1
利用这个机会做一个自我介绍	1
怎样可以让你自己stand out呢	1
我们两个觉得最重要的一点就是一定	1
一定要做足了你的homework	1
有哪些大公司今天会在这里	1
开心给你聊天了然后我们聊了哪些内容接下去们聊哪些啊	1
谢谢你给我分享关于公司的一些东西	1
可以保持一个长久的来回到互动的关系	1
更多的经验所以不要害怕也不要	1
太过于的谦虚	1
我们就是中国人有一个传统就是	1
谦虚向我之前也是谦虚	1
其实该自信的时候一定要自信	1
是真的只有最好好的朋友	1
很厉害的	1
这个视频第一个就是我自己有亲身经历也就被坑了也有一些而中间的	0
今天我所有表达的观点但是我个人观点然后有一些吐槽的情况	0
啊千万不要	0
铭记两个点	1
上好学校	1
我知道有一	0
关心也不	0
也不操心	0
就是ok反正你	1
那留不留学一定要自己想好	0
来国外去花了那么多钱来旅游来了	1
这个一定要明白的	1
为什么要说	0
什么可以帮你升级	1
喜欢哪个城市去哪个学校你觉得和这个学校有	1
你的目标是要去好学校	1
有学上	1
整个就是一个垃圾站就会把你拖的感觉	0
ok我只要有一个offer可以	1
我只要有学校录取可以了	1
把你本来的最想去的学校这件事情忘掉	1
你的目标不是有学校录取	0
因为你花那么多钱	0
不是就为了	0
你是为了去一点就是拿一个好学校文凭回来	1
我回答次数最多的大家关心最多的问题	1
中介的好处	1
不找diydiy的好处	1
diy一个很大的好处就是省钱	1
要清楚的自我定位	1
你的资源多不多就是外面	1
多不多如果你在大城市会可能资源更多一些	1
然后在这些截止日期中的你要准备很多材料然后还要去做很多先前的准备	1
不错外国人去改	1
特别是外交方面方面	1
他就一定	1
语文好他一定就是说写作可以改你	1
不是这样的就像中国人一样	1
有些人数学特别好但是他语文就是不行	0
但他中文说的也很好呀	1
嗯没什么问题	1
我觉得你是可以diy的	1
找中介那找中介呢很大陈述很大程度上来说就是	0
方便啊然后少操心很多	1
我就要频道第二个问题	1
请今天下午来了不要我这个问题	0
回答好吧	0
你可以从几点来判断	0
一起努力	1
托福达到多少分	1
然后我们去冲刺	1
记住对你有期待和要求的中介才是靠谱的	1
我可以负责人的告诉你	1
这个不错的故事	1
我为什么想要在这个里	0
高中毕业是几岁的孩子它们怎么会知道说	0
就要去上这个专业我要在这方面	0
不仅仅是你讲个故事就行了	0
专业水准	1
最红的	1
不是针对某一个	0
一个专业的东西	1
请你去考	0
然后考一个成绩出来	0
你有了你才过门槛	1
或者说你跟我	0
如果是一个好学校	1
我想知道她的GRE	0
这个工作经历的人	1
去一个不错的	1
真的真的真的请你去考一下而已或者	1
良心推荐	1
这个良心说这是	1
我知道有人有多少人会看到这里看这你可以发个弹幕告诉我我会感动	1
很感动	1
这些可以帮到大家	1
最后说一下面试	0
竟是这位	0
面试这件事情的是这个样子	0
就是基本上	0
大多数人都要面试	0
他看到你的文书	0
看到你的成绩看到你的材料看到你的建议	0
看看那个人	0
这种情况下给面试的情况也很多	1
开心日	1
可以让你认真的执行完刷牙的整个流程对于口腔健康一定是很有帮助的了	1
你用手动剃须刀不仅刮得更干净	1
好香啊正品	1
我家厕所是常年收不到wifi信号所以这次就	0
信息忘了她了	0
放第六一个我期待的非常久的东西	1
非常优雅	1
这可能是市面上最好看的罐装的冷却咖啡吧	1
感觉如果你来了美国	0
就是因	0
直接升计算机专业要	1
去找学计算机的人学习	1
体现你的能力	1
我非常喜欢计算机	1
你可以循序渐进的学	1
可能就是	0
你就享受	1
适合培训学校	1
这些就是	1
祝大家一切顺利	1
嗨大家好我给大家录一个视频就是教大家一些	1
就是告诉你每天	0
比较好准备可以晚上来做	1
但当天	0
直接有一个教程你什么都不会看那个教程之后	0
啊就是那个软件他又可以	0
就是公众号的排版	0
也可以加也可以帮助大家做	0
在那个软件上都可以做	0
这是百度上你搜一下	0
嗯那个不是很多好像是几十块钱吗	0
那个两千或者是更高一两千那个是不是太确定的因为我是	0
十四英语专业的同学呢你可以再就是	0
你如果想要过得更好的生活华完全可以靠自己的能力	1
本职工作你本质工作结束之后你业余还有很多时间呀	1
多做一些	1
别说晚上十一点我又突然接到他因为有时差吗他们那边会比我们就晚了几个小时他们可能还是下下午我们就已经很晚上很晚了	0
他会说我也不知道我只知道是什么	0
不知道什么是好看的就来做你做的不好	0
知道你做的好为止	1
经常会让你加班到一点	0
或者一两点的呀	0
才能休息社会很累但是	0
而且也没有说我	0
做的就比别人好有些	1
谢谢的观看	1
嗯喜欢我的视频就订阅我	1
给我点赞吧	1
好就这样结束	0
如果晚上没有回来了你们的问题	0
然后开视频就让	0
让我就是	0
我是什么发质	0
还有就是我头发为什么这么蓬松	0
哦还有就是问	0
说吃不胖胖	0
嗯嗯调小	0
眉毛其实	0
鼻翼其实还好	0
第一道这个人中的	0
要顺着他那个边	0
好好这就是我两个眉毛都画好的样子	0
一个特别特别好的眉毛定性的	0
记得我们约定	0
可能是因为	0
我之前就说就说我不喜欢别人说	0
你是女生	0
怕被你骂	0
什么东西	0
口红呢我来	0
就是裸色因为我上次	0
我真的是无常	0
收音效果不是很好	0
其实完全一致	1
他们两个的使用	0
目标范围也是	0
麦克风	0
如果你在室内录的话	0
如果你喜欢我的视频	1
嗨 亲爱的朋友大家好	1
我老婆说他喜欢	1
b站的充电宝	1
下一个是什么呢走	0
打开什么全是划痕	0
相信不会是	1
怎么说呢还行吧但是谁能穿得出去啊这个样子	0
吃的东西吧	0
难受啊	0
这些东西加起来的总价到底有多少钱	0
可以吗总之吗以后我若有什么想要的东西	1
这个视频很感兴趣	1
一个月就好多条广告那你收入肯定高	1
其实我还好	1
多的是有用那个	0
DJ台也的挺好的	1
当美妆博主拥有好	1
非常有意思	1
非常简单的	1
你是想靠你颜值	1
很有钱才能做主播	1
经济条件是学生党	0
一个好的效果	1
你喜欢就好	1
你要面对这个网络的环境	0
我觉得没有	0
很少会遇到	0
心如死水	0
看看帅的明星啊	1
看一下最喜欢看的电视剧	1
未来为申请博士所准备的	1
除了时间上面的一个优势之外了在香港读研究生对于你落户	1
所有的我必须承认就是在这个	1
但是它也没有想象的那么简单	0
可以读书有工资可以拿	1
这点来讲的话的还是蛮开心的	1
而且在香港的话呢学术氛围相对是比较公平的	1
凭什么你可以不参加统考凭什么我要就是这么辛苦学那么多课	0
不错学校	1
真的不是那么容易的	0
而且这件事情你不开心一点都不重要	0
公司认不认才重要	0
差不多说的就是这些了希望有解答到你们关于一年级授课的研究生的这些困惑不管是你来或者不来读一年制的或者不读都希望你能学习顺利然后你好好工作好好生活好好学习吧那就是这样我们下次再见	1
